,score,metrics,experiment
0,0.850999916918795,AUROC,0
1,0.997843919605462,Accuracy,0
2,0.998908405279349,Recall,0
3,0.9989331877837596,Precision,0
4,0.9989207963778453,F1 score,0
5,0.9998210144395836,AUPR,0
0,0.8489921211323967,AUROC,1
1,0.9948700156129959,Accuracy,1
2,0.9959313287684827,Recall,1
3,0.9989300022395302,Precision,1
4,0.9974284117025902,F1 score,1
5,0.9998209790800174,AUPR,1
0,0.9422649090376196,AUROC,2
1,0.9945478426804788,Accuracy,2
2,0.9956088121464721,Recall,2
3,0.9989296559964156,Precision,2
4,0.9972664695211351,F1 score,2
5,0.9999353136763925,AUPR,2
0,0.8923697413635934,AUROC,3
1,0.9938291492156328,Accuracy,3
2,0.9948893519896794,Recall,3
3,0.9989288827998506,Precision,3
4,0.9969050252942712,F1 score,3
5,0.9998740669807139,AUPR,3
0,0.6510220142115017,AUROC,4
1,0.9969765309409928,Accuracy,4
2,0.998040091297013,Recall,4
3,0.9989322606277314,Precision,4
4,0.9984859766691487,F1 score,4
5,0.9995050489183444,AUPR,4
0,0.940872721901821,AUROC,0
1,0.9969269658744517,Accuracy,0
2,0.9979904733551652,Recall,0
3,0.9989322075987087,Precision,0
4,0.9984611184194198,F1 score,0
5,0.99993333599306,AUPR,0
0,0.9417043993805835,AUROC,1
1,0.9930608906842457,Accuracy,1
2,0.994120273891039,Recall,1
3,0.9989280550431271,Precision,1
4,0.9965183656213473,F1 score,1
5,0.999935375033561,AUPR,1
0,0.8292969714592983,AUROC,2
1,0.9883522093628411,Accuracy,2
2,0.9894065694155006,Recall,2
3,0.9989229536118626,Precision,2
4,0.994141988234121,F1 score,2
5,0.9997948854873007,AUPR,2
0,0.9313088636106631,AUROC,3
1,0.9962330549428763,Accuracy,3
2,0.9972958221692965,Recall,3
3,0.9989314646389345,Precision,3
4,0.998112973308504,F1 score,3
5,0.9999220592227842,AUPR,3
0,0.6242242869440193,AUROC,4
1,0.9954647964114892,Accuracy,4
2,0.996526744070656,Recall,4
3,0.9989306408694139,Precision,4
4,0.9977272445012978,F1 score,4
5,0.9994604148905,AUPR,4
